Marca,Modelo,Anio,Color,Placa,NumeroTituloPropiedad,NumeroChasis
Toyota,Corolla,2019,Blanco,P-101ABC,TIT-88001122,VIN-9900112233
Honda,Civic,2020,Negro,P-102DEF,TIT-88001123,VIN-9900112234
Ford,Ranger,2018,Gris,P-103GHI,TIT-88001124,VIN-9900112235
Nissan,Sentra,2021,Azul,P-104JKL,TIT-88001125,VIN-9900112236
Chevrolet,Tracker,2022,Rojo,P-105MNO,TIT-88001126,VIN-9900112237
Mazda,CX-5,2020,Plateado,P-106PQR,TIT-88001127,VIN-9900112238
Hyundai,Tucson,2019,Negro,P-107STU,TIT-88001128,VIN-9900112239
Kia,Sportage,2021,Blanco,P-108VWX,TIT-88001129,VIN-9900112240
Volkswagen,Jetta,2018,Gris,P-109YZA,TIT-88001130,VIN-9900112241
Subaru,Forester,2022,Verde,P-110BCD,TIT-88001131,VIN-9900112242